<?xml version="1.0" encoding="UTF-8"?>
<beans xmlns="http://www.springframework.org/schema/beans"
	xmlns:xsi="http://www.w3.org/2001/XMLSchema-instance" xmlns:context="http://www.springframework.org/schema/context"
	xmlns:mvc="http://www.springframework.org/schema/mvc"
	xsi:schemaLocation="http://www.springframework.org/schema/beans 
	http://www.springframework.org/schema/beans/spring-beans.xsd
	http://www.springframework.org/schema/context
	http://www.springframework.org/schema/context/spring-context-4.0.xsd
	http://www.springframework.org/schema/mvc
	http://www.springframework.org/schema/mvc/spring-mvc-4.0.xsd">

	<!-- 自动扫描和添加注解 -->
	<context:component-scan base-package="com.nkl.admin.action,com.nkl.page.action"/>

	<!-- 开启注解 -->
	<mvc:annotation-driven />

	<!--避免IE执行AJAX时，返回JSON出现下载文件 -->  
    <bean id="stringConverter"  
        class="org.springframework.http.converter.StringHttpMessageConverter">  
        <property name="supportedMediaTypes">  
            <list>  
                <value>text/plain;charset=UTF-8</value>  
            </list>  
        </property>  
    </bean>  
    <bean id="jsonConverter"  
        class="org.springframework.http.converter.json.MappingJackson2HttpMessageConverter"></bean>  
    <bean  
        class="org.springframework.web.servlet.mvc.annotation.AnnotationMethodHandlerAdapter">  
        <property name="messageConverters">  
            <list>  
                <ref bean="stringConverter" />  
                <ref bean="jsonConverter" />  
            </list>  
        </property>  
    </bean>  
    
    <!--
		配置静态资源，直接映射到对应的文件夹，不被DispatcherServlet处理，3.04新增功能，需要重新设置spring-mvc-3.0.xsd
	
	<mvc:resources mapping="/img/**" location="/img/" />
	<mvc:resources mapping="/js/**" location="/js/" />
	<mvc:resources mapping="/css/**" location="/css/" />
	<mvc:resources mapping="/html/**" location="/html/" />-->
    
	<!-- 定义跳转的文件的前后缀 ，视图模式配置-->  
    <bean class="org.springframework.web.servlet.view.InternalResourceViewResolver">  
        <!-- 这里的配置我的理解是自动给后面action的方法return的字符串加上前缀和后缀，变成一个 可用的url地址 -->  
        <property name="prefix" value="" />  
        <property name="suffix" value=".jsp" />  
    </bean>  
	      
	<!-- 配置文件上传，如果没有使用文件上传可以不用配置，当然如果不配，那么配置文件中也不必引入上传组件包 -->  
    <bean id="multipartResolver"    
        class="org.springframework.web.multipart.commons.CommonsMultipartResolver">    
        <!-- 默认编码 -->  
        <property name="defaultEncoding" value="utf-8" />    
        <!-- 文件大小最大值 -->  
        <property name="maxUploadSize" value="10485760000" />    
        <!-- 内存中的最大值 -->  
        <property name="maxInMemorySize" value="40960" />    
    </bean>  

</beans>
